<ImportExportXml version="6.0.0000.0809" SolutionPackageVersion="6.0" languagecode="1033" generatedBy="OnPremise" xmlns:xsi="http://www.w3.org/2001/XMLSchema-instance">
  <SolutionManifest>
    <UniqueName>Timeline</UniqueName>
    <LocalizedNames>
      <LocalizedName description="Timeline from xRM Consultancy" languagecode="1033" />
    </LocalizedNames>
    <Descriptions>
      <Description description="The Timeline presents future and historical activities for an Account, Contact or Opportunity in a visually pleasing way. &#xA;&#xA;We welcome your feedback – support@xrmconsultancy.com.&#xA;&#xA;Copyright xRM Consultancy Limited." languagecode="1033" />
    </Descriptions>
    <Version>2.4.1.7</Version>
    <Managed>0</Managed>
    <ConfigurationPage>xrmc_/Timeline_Terms_Conditions.html</ConfigurationPage>
    <Publisher>
      <UniqueName>xrmconsultancy</UniqueName>
      <LocalizedNames>
        <LocalizedName description="xRM Consultancy" languagecode="1033" />
      </LocalizedNames>
      <Descriptions>
        <Description description="The xRM Consultancy specialises in building custom business applications and products on the Microsoft Dynamics CRM platform." languagecode="1033" />
      </Descriptions>
      <EMailAddress>info@xrmconsultancy.com</EMailAddress>
      <SupportingWebsiteUrl>www.xrmconsultancy.com</SupportingWebsiteUrl>
      <CustomizationPrefix>xrmc</CustomizationPrefix>
      <CustomizationOptionValuePrefix>92268</CustomizationOptionValuePrefix>
      <Addresses>
        <Address>
          <AddressNumber>1</AddressNumber>
          <AddressTypeCode>1</AddressTypeCode>
          <City>London</City>
          <County xsi:nil="true"></County>
          <Country>United Kingdom</Country>
          <Fax xsi:nil="true"></Fax>
          <FreightTermsCode xsi:nil="true"></FreightTermsCode>
          <ImportSequenceNumber xsi:nil="true"></ImportSequenceNumber>
          <Latitude xsi:nil="true"></Latitude>
          <Line1>Unit 18 Elysium Gate</Line1>
          <Line2>126 New Kings Road</Line2>
          <Line3 xsi:nil="true"></Line3>
          <Longitude xsi:nil="true"></Longitude>
          <Name xsi:nil="true"></Name>
          <PostalCode>SW6 4LZ</PostalCode>
          <PostOfficeBox xsi:nil="true"></PostOfficeBox>
          <PrimaryContactName xsi:nil="true"></PrimaryContactName>
          <ShippingMethodCode>1</ShippingMethodCode>
          <StateOrProvince>London</StateOrProvince>
          <Telephone1>+44 (0) 7733 262 333</Telephone1>
          <Telephone2 xsi:nil="true"></Telephone2>
          <Telephone3 xsi:nil="true"></Telephone3>
          <TimeZoneRuleVersionNumber xsi:nil="true"></TimeZoneRuleVersionNumber>
          <UPSZone xsi:nil="true"></UPSZone>
          <UTCOffset xsi:nil="true"></UTCOffset>
          <UTCConversionTimeZoneCode xsi:nil="true"></UTCConversionTimeZoneCode>
        </Address>
        <Address>
          <AddressNumber>2</AddressNumber>
          <AddressTypeCode>1</AddressTypeCode>
          <City xsi:nil="true"></City>
          <County xsi:nil="true"></County>
          <Country xsi:nil="true"></Country>
          <Fax xsi:nil="true"></Fax>
          <FreightTermsCode xsi:nil="true"></FreightTermsCode>
          <ImportSequenceNumber xsi:nil="true"></ImportSequenceNumber>
          <Latitude xsi:nil="true"></Latitude>
          <Line1 xsi:nil="true"></Line1>
          <Line2 xsi:nil="true"></Line2>
          <Line3 xsi:nil="true"></Line3>
          <Longitude xsi:nil="true"></Longitude>
          <Name xsi:nil="true"></Name>
          <PostalCode xsi:nil="true"></PostalCode>
          <PostOfficeBox xsi:nil="true"></PostOfficeBox>
          <PrimaryContactName xsi:nil="true"></PrimaryContactName>
          <ShippingMethodCode>1</ShippingMethodCode>
          <StateOrProvince xsi:nil="true"></StateOrProvince>
          <Telephone1 xsi:nil="true"></Telephone1>
          <Telephone2 xsi:nil="true"></Telephone2>
          <Telephone3 xsi:nil="true"></Telephone3>
          <TimeZoneRuleVersionNumber xsi:nil="true"></TimeZoneRuleVersionNumber>
          <UPSZone xsi:nil="true"></UPSZone>
          <UTCOffset xsi:nil="true"></UTCOffset>
          <UTCConversionTimeZoneCode xsi:nil="true"></UTCConversionTimeZoneCode>
        </Address>
      </Addresses>
    </Publisher>
    <RootComponents>
      <RootComponent type="1" schemaName="xrmc_timelineconfiguration" />
      <RootComponent type="1" schemaName="xrmc_timelineentity" />
      <RootComponent type="1" schemaName="xrmc_timelineentitylink" />
      <RootComponent type="20" id="{b5a2ee72-2f76-e311-abf7-080027eadcf2}" />
      <RootComponent type="20" id="{dca5067e-2f76-e311-abf7-080027eadcf2}" />
      <RootComponent type="61" schemaName="xrmc_/css/themes/font/MSCRMPositionTop.css" />
      <RootComponent type="61" schemaName="xrmc_/Timeline.html" />
      <RootComponent type="61" schemaName="xrmc_/timeline/css/cog.png" />
      <RootComponent type="61" schemaName="xrmc_/timeline/css/information_icon.png" />
      <RootComponent type="61" schemaName="xrmc_/timeline/css/loading.gif" />
      <RootComponent type="61" schemaName="xrmc_/timeline/css/MSCRMTimeline.css" />
      <RootComponent type="61" schemaName="xrmc_/timeline/css/refresh.png" />
      <RootComponent type="61" schemaName="xrmc_/timeline/css/themes/dark.css" />
      <RootComponent type="61" schemaName="xrmc_/timeline/css/themes/font/MSCRM.css" />
      <RootComponent type="61" schemaName="xrmc_/timeline/css/themes/font/MSCRMPositionFull.css" />
      <RootComponent type="61" schemaName="xrmc_/timeline/css/themes/font/MSCRMPositionTop.css" />
      <RootComponent type="61" schemaName="xrmc_/timeline/css/timeline.css" />
      <RootComponent type="61" schemaName="xrmc_/timeline/css/timeline.png" />
      <RootComponent type="61" schemaName="xrmc_/timeline/css/TimelineEntityIcons.png" />
      <RootComponent type="61" schemaName="xrmc_/timeline/img/logo.png" />
      <RootComponent type="61" schemaName="xrmc_/timeline/img/popout.png" />
      <RootComponent type="61" schemaName="xrmc_/timeline/js/jquery.min.js" />
      <RootComponent type="61" schemaName="xrmc_/timeline/js/json2.js" />
      <RootComponent type="61" schemaName="xrmc_/timeline/js/locale/cz.js" />
      <RootComponent type="61" schemaName="xrmc_/timeline/js/locale/en.js" />
      <RootComponent type="61" schemaName="xrmc_/timeline/js/sdk_rest.js" />
      <RootComponent type="61" schemaName="xrmc_/timeline/js/storyjsembed.js" />
      <RootComponent type="61" schemaName="xrmc_/timeline/js/timeline.js" />
      <RootComponent type="61" schemaName="xrmc_/timeline/js/timelineBuilder.js" />
      <RootComponent type="61" schemaName="xrmc_/timeline/js/TimelineConfig.js" />
      <RootComponent type="61" schemaName="xrmc_/timeline/js/XrmServiceToolkit.js" />
      <RootComponent type="61" schemaName="xrmc_/timeline/js/XrmSvcToolkit.js" />
      <RootComponent type="61" schemaName="xrmc_/TimelineEntity.html" />
      <RootComponent type="61" schemaName="xrmc_/Timeline_Config.html" />
      <RootComponent type="61" schemaName="xrmc_/Timeline_Terms_Conditions.html" />
      <RootComponent type="91" schemaName="Timeline.Plugins, Version=1.0.0.0, Culture=neutral, PublicKeyToken=28fdf5bb7574a0b5" />
      <RootComponent type="92" id="{3da35f97-a587-e311-abf7-080027eadcf2}" />
      <RootComponent type="92" id="{5dd92793-6867-e311-96db-080027eadcf2}" />
      <RootComponent type="92" id="{60d92793-6867-e311-96db-080027eadcf2}" />
      <RootComponent type="92" id="{94f73206-de73-e311-abf7-080027eadcf2}" />
      <RootComponent type="92" id="{b17ff8e4-1677-e311-abf7-080027eadcf2}" />
      <RootComponent type="92" id="{b47ff8e4-1677-e311-abf7-080027eadcf2}" />
      <RootComponent type="92" id="{e84201df-ea61-e311-96db-080027eadcf2}" />
    </RootComponents>
    <MissingDependencies />
  </SolutionManifest>
</ImportExportXml>